<?xml version="1.0" encoding="utf-8"?>
<soap12:Envelope xmlns:xsi="http://www.w3.org/2001/XMLSchema-instance" xmlns:xsd="http://www.w3.org/2001/XMLSchema" xmlns:soap12="http://www.w3.org/2003/05/soap-envelope">
    <soap12:Body>
        <FileSubmit xmlns="http://facilityassociation.com/">
        <userName>@fa_webservice_username</userName>
        <password>@fa_webservice_password</password>
        <fileName>@ftp_file_name</fileName>
        <fileContent>@base64_content</fileContent>
        </FileSubmit>
    </soap12:Body>
</soap12:Envelope>