{
    "rsp_export_variables": {
        "framework_path": "",
        "troubleshooting_path": "",
        "job_book_path": "",

        "export_to_ftp": false,

        "export_to_webservice": false,

        "product_rsp_dataset":"product_rsp",

        "rsp_regul8_ftp_conn_id": "rsp_regul8_sftp",
        "extract_r8_ftp_path": "/C/Regul8/IN/",

        "rsp_order_mvr_ftp_conn_id": "rsp_mvr_order_sftp",
        "rsp_order_mvr_ftp_path": "/d01/oaftp/in/RSPUTLPROD/",

        "manual_bulk_recon_job_ftp_conn_id": "rsp_man_bulk_risk_ftp",
        "manual_bulk_recon_job_ftp_path": "/EDHprod/rsp/recon/man_bulk_risk/",

        "src_path": "data/rsp_export_files/",
        "local_src_path": "/home/airflow/gcs/data/rsp_export_files/",

        "sql_base_path": "export_pipeline/rsp/bigquery/dml/",

        "r8_premium_load_to_export_query_path": "load_to_r8_premium_export.sql",
        "r8_premium_truncate_export_table_query_path": "truncate_r8_premium_export.sql",

        "r8_audit_data_load_to_export_query_path": "load_to_r8_audit_export.sql",
        "r8_audit_data_truncate_export_table_query_path": "truncate_r8_audit_export.sql",

        "r8_gaa_clm_data_load_to_export_query_path": "load_to_gaa_clm_export.sql",
        "r8_gaa_clm_data_truncate_export_table_query_path": "truncate_gaa_clm_export.sql",

        "order_mvr_data_truncate_export_table_query_path": "truncate_mvr_order_export.sql",
        "order_mvr_data_load_to_export_query_path": "load_to_mvr_order_export.sql",

        "manual_bulk_recon_job_truncate_export_table_query_path": "truncate_job_reconciliation_export.sql",
        "manual_bulk_recon_job_load_to_export_query_path": "load_to_job_reconciliation_export.sql",

        "send_gwpc_decision_load_query_path": "load_to_decision_logging_export.sql",
        "send_gwpc_decision_truncate_query_path":"truncate_decision_logging_export.sql",

        "r8_premium_BRANDS": ["01", "08"],
        "r8_premium_PROV_CODES": ["ON", "QC"],

        "r8_premium_ceded_derived_path": "product_rsp/r8_premium_ceded",
        "r8_premium_ceded_output_path": "@r8_premium_ceded_derived_path/output/",
        "r8_premium_ceded_runtime_path": "@r8_premium_ceded_derived_path/runtime_@execution_datetime/",
        "r8_premium_ceded_vyne_ftp_file_name": "r8_rsp_extract_01_01_@execution_date.csv",
        "r8_premium_ceded_vyne_output_file_name": "rsp_r8_premium_ceded_vyne.csv",
        "r8_premium_ceded_sonnet_ftp_file_name": "r8_rsp_extract_08_01_@execution_date.csv",
        "r8_premium_ceded_sonnet_output_file_name": "rsp_r8_premium_ceded_sonnet.csv",
        "r8_premium_ceded_EXTRACT_TYPE": "C",

        "r8_premium_deceded_derived_path": "product_rsp/r8_premium_deceded",
        "r8_premium_deceded_output_path": "@r8_premium_deceded_derived_path/output/",
        "r8_premium_deceded_runtime_path": "@r8_premium_deceded_derived_path/runtime_@execution_datetime/",
        "r8_premium_deceded_vyne_ftp_file_name": "r8_rsp_extract_01_03_@execution_date.csv",
        "r8_premium_deceded_vyne_output_file_name": "rsp_r8_premium_deceded_vyne.csv",
        "r8_premium_deceded_sonnet_ftp_file_name": "r8_rsp_extract_08_03_@execution_date.csv",
        "r8_premium_deceded_sonnet_output_file_name": "rsp_r8_premium_deceded_sonnet.csv",
        "r8_premium_deceded_EXTRACT_TYPE": "D",

        "r8_premium_policy_change_derived_path": "product_rsp/r8_premium_policy_change",
        "r8_premium_policy_change_output_path": "@r8_premium_policy_change_derived_path/output/",
        "r8_premium_policy_change_runtime_path": "@r8_premium_policy_change_derived_path/runtime_@execution_datetime/",
        "r8_premium_policy_change_vyne_ftp_file_name": "r8_rsp_extract_01_02_@execution_date.csv",
        "r8_premium_policy_change_vyne_output_file_name": "rsp_r8_premium_policy_change_vyne.csv",
        "r8_premium_policy_change_sonnet_ftp_file_name": "r8_rsp_extract_08_02_@execution_date.csv",
        "r8_premium_policy_change_sonnet_output_file_name": "rsp_r8_premium_policy_change_sonnet.csv",
        "r8_premium_policy_change_EXTRACT_TYPE": "P",

        "r8_premium_ceded_qc_derived_path": "product_rsp/r8_premium_ceded_qc",
        "r8_premium_ceded_qc_output_path": "@r8_premium_ceded_qc_derived_path/output/",
        "r8_premium_ceded_qc_runtime_path": "@r8_premium_ceded_qc_derived_path/runtime_@execution_datetime/",
        "r8_premium_ceded_qc_vyne_ftp_file_name": "r8_rsp_extract_01_07_@execution_date.csv",
        "r8_premium_ceded_qc_vyne_output_file_name": "rsp_r8_premium_ceded_qc_vyne.csv",
        "r8_premium_ceded_qc_sonnet_ftp_file_name": "r8_rsp_extract_08_07_@execution_date.csv",
        "r8_premium_ceded_qc_sonnet_output_file_name": "rsp_r8_premium_ceded_qc_sonnet.csv",
        "r8_premium_ceded_qc_EXTRACT_TYPE": "C",

        "r8_premium_deceded_qc_derived_path": "product_rsp/r8_premium_deceded_qc",
        "r8_premium_deceded_qc_output_path": "@r8_premium_deceded_qc_derived_path/output/",
        "r8_premium_deceded_qc_runtime_path": "@r8_premium_deceded_qc_derived_path/runtime_@execution_datetime/",
        "r8_premium_deceded_qc_vyne_ftp_file_name": "r8_rsp_extract_01_09_@execution_date.csv",
        "r8_premium_deceded_qc_vyne_output_file_name": "rsp_r8_premium_deceded_qc_vyne.csv",
        "r8_premium_deceded_qc_sonnet_ftp_file_name": "r8_rsp_extract_08_09_@execution_date.csv",
        "r8_premium_deceded_qc_sonnet_output_file_name": "rsp_r8_premium_deceded_qc_sonnet.csv",
        "r8_premium_deceded_qc_EXTRACT_TYPE": "D",

        "r8_premium_policy_change_qc_derived_path": "product_rsp/r8_premium_policy_change_qc",
        "r8_premium_policy_change_qc_output_path": "@r8_premium_policy_change_qc_derived_path/output/",
        "r8_premium_policy_change_qc_runtime_path": "@r8_premium_policy_change_qc_derived_path/runtime_@execution_datetime/",
        "r8_premium_policy_change_qc_vyne_ftp_file_name": "r8_rsp_extract_01_08_@execution_date.csv",
        "r8_premium_policy_change_qc_vyne_output_file_name": "rsp_r8_premium_policy_change_qc_vyne.csv",
        "r8_premium_policy_change_qc_sonnet_ftp_file_name": "r8_rsp_extract_08_08_@execution_date.csv",
        "r8_premium_policy_change_qc_sonnet_output_file_name": "rsp_r8_premium_policy_change_qc_sonnet.csv",
        "r8_premium_policy_change_qc_EXTRACT_TYPE": "P",

        "r8_audit_data_derived_path": "product_rsp/r8_audit_data",
        "r8_audit_data_output_path": "@r8_audit_data_derived_path/output/",
        "r8_audit_data_runtime_path": "@r8_audit_data_derived_path/runtime_@execution_datetime/",
        "r8_audit_data_ftp_file_name": "r8_rsp_audit_@execution_date.csv",
        "r8_audit_data_output_file_name": "rsp_r8_audit_data.csv",

        "r8_gaa_clm_data_derived_path": "product_rsp/r8_gaa_clm_data",
        "r8_gaa_clm_data_output_path": "@r8_gaa_clm_data_derived_path/output/",
        "r8_gaa_clm_data_runtime_path": "@r8_gaa_clm_data_derived_path/runtime_@execution_datetime/",
        "r8_gaa_clm_data_ftp_path": "/C/Regul8/OUT/GAA/claim/",
        "r8_gaa_clm_data_ftp_file_name": "GC_@execution_date.txt",
        "r8_gaa_clm_data_output_file_name": "rsp_r8_gaa_clm_data.txt",

        "order_mvr_data_derived_path": "product_rsp/order_mvr_data",
        "order_mvr_data_output_path": "@order_mvr_data_derived_path/output/",
        "order_mvr_data_runtime_path": "@order_mvr_data_derived_path/runtime_@execution_datetime/",
        "order_mvr_data_ftp_file_name": "MVRBAT.dat",
        "order_mvr_data_output_file_name": "rsp_order_mvr_data.csv",

        "manual_bulk_recon_job_derived_path": "product_rsp/manual_bulk_recon_job",
        "manual_bulk_recon_job_output_path": "@manual_bulk_recon_job_derived_path/output/",
        "manual_bulk_recon_job_runtime_path": "@manual_bulk_recon_job_derived_path/runtime_@execution_datetime/",
        "manual_bulk_recon_job_ftp_file_name_pattern": "rsp_recon_manual_bulk_cede_decede_@execution_datetime.csv",
        "manual_bulk_recon_job_output_file_name": "rsp_manual_bulk_recon_job.csv",

        "working_dir_path": "@runtime/working/",
        "failed_dir_path": "@runtime/failed/",
        "success_dir_path": "@runtime/success/",
        "base64_output_file_name": "return_output_@execution_date_@execution_time.txt",

		"fa_webservice_url": "https://filetransfer.facilityassociation.com/WSRSPFileTransfer/RSPSubmit.asmx?wsdl",
        "fa_webservice_request_xml_path": "export_pipeline/rsp/xml/fa_webservice_request.xml",
        "fa_webservice_username": "ws094094",
        "fa_webservice_password": "",					 

        "claim_file_ftp_source_dir": "/C/Regul8/OUT/rsp/claim/",
        "claim_file_name_pattern": "*",
        "claim_file_runtime_dir_path": "rsp/claim_file/runtime_@timestamp",
        "claim_file_landing_dir_path": "rsp/claim_file/landing/",

        "premium_file_ftp_source_dir": "/C/Regul8/OUT/rsp/premium/",
        "premium_file_name_pattern": "*",
        "premium_file_runtime_dir_path": "rsp/premium_file/runtime_@timestamp",
        "premium_file_landing_dir_path": "rsp/premium_file/landing/",

        "export_to_mq": false,
        "xml_file_name": "@execution_timestamp_@policy_number.xml",
        "runtime_directory_path": "product_rsp/decision_logging_xml/output/runtime_@execution_timestamp/",
        "staging_table_name": "export_decision_logging",
        "script_name":"execute_jar.sh",
        "script_path":"export_pipeline/rsp/bash_command",
        "jar_path": "rsp_data_product/rsp_ibm_mq/jar_file",
        "jar_name": "rsp_ibm_mq.jar",
        "main_class": "com.economical.rsp.Application",
        "rsp_execution_date": "",
        "hostname": "pmrk1uxmb07",
        "port": "13201",
        "channel": "SYSTEM.ADMIN.SVRCONN",
        "queue": "PENTAHOETL.GET_RSP_INFO.GWPC.TRIGGER.Q",
        "queue_manager": "PRODEDH1",
        "username": "edhflu01",
        "password": ""
    },

    "raw_project_name": "dp-prod-raw-5c4d", 
    "processing_project_name": "dp-prod-processing-b757",
    "derived_project_name": "dp-prod-derived-2072",
    "raw_bucket_name": "definity-prod-raw-bucket", 
    "deployment_bucket_name": "definity-prod-dp-deployment",
    "composer_bucket_name": "northamerica-northeast1-pro-dd559904-bucket",
    "derived_bucket_name": "definity-prod-derived-bucket"
}