<?xml version="1.0" encoding="UTF-8"?>
<project xmlns="http://maven.apache.org/POM/4.0.0" xmlns:xsi="http://www.w3.org/2001/XMLSchema-instance" xsi:schemaLocation="http://maven.apache.org/POM/4.0.0 http://maven.apache.org/maven-v4_0_0.xsd">
  <modelVersion>4.0.0</modelVersion>
  <groupId>com.economical.sdp.mq</groupId>
  <artifactId>MqToGCSIngestion</artifactId>
  <version>1.0-SNAPSHOT</version>
  <build>
    <pluginManagement>
      <plugins>
        <plugin>
          <groupId>org.codehaus.mojo</groupId>
          <artifactId>maven-assembly-plugin</artifactId>
          <version>${maven-exec-plugin.version}</version>
          <configuration>
            <cleanupDaemonThreads>false</cleanupDaemonThreads>
          </configuration>
        </plugin>
        <plugin>
          <groupId>org.sonarsource.scanner.maven</groupId>
          <artifactId>sonar-maven-plugin</artifactId>
          <version>3.7.0.1746</version>
        </plugin>
      </plugins>
    </pluginManagement>
    <plugins>
      <plugin>
        <artifactId>maven-compiler-plugin</artifactId>
        <version>3.6.1</version>
        <configuration>
          <source>1.8</source>
          <target>1.8</target>
        </configuration>
      </plugin>
      <plugin>
        <artifactId>maven-assembly-plugin</artifactId>
        <version>3.1.1</version>
        <executions>
          <execution>
            <id>make-assembly</id>
            <phase>package</phase>
            <goals>
              <goal>single</goal>
            </goals>
          </execution>
        </executions>
        <configuration>
          <archive>
            <manifest>
              <mainClass>com.economical.sdp.mq.MqToGcsIngestion</mainClass>
            </manifest>
          </archive>
          <descriptorRefs>
            <descriptorRef>jar-with-dependencies</descriptorRef>
          </descriptorRefs>
        </configuration>
      </plugin>
      <plugin>
        <artifactId>maven-shade-plugin</artifactId>
        <version>3.2.4</version>
        <executions>
          <execution>
            <phase>package</phase>
            <goals>
              <goal>shade</goal>
            </goals>
            <configuration>
              <filters>
                <filter>
                  <artifact>*:*</artifact>
                  <excludes>
                    <exclude>META-INF/*.SF</exclude>
                    <exclude>META-INF/*.DSA</exclude>
                    <exclude>META-INF/*.RSA</exclude>
                  </excludes>
                </filter>
              </filters>
              <transformers>
                <transformer>
                  <mainClass>com.economical.sdp.mq.MqToGcsIngestion</mainClass>
                </transformer>
                <transformer />
                <transformer>
                  <resource>META-INF/services</resource>
                  <file>io.grpc.LoadBalancerProvider</file>
                </transformer>
                <transformer>
                  <resource>META-INF/services</resource>
                  <file>io.grpc.NameResolverProvider</file>
                </transformer>
              </transformers>
            </configuration>
          </execution>
        </executions>
      </plugin>
    </plugins>
  </build>
  <repositories>
    <repository>
      <snapshots>
        <enabled>false</enabled>
      </snapshots>
      <id>central</id>
      <name>Central Repository</name>
      <url>https://repo.maven.apache.org/maven2</url>
    </repository>
  </repositories>
  <pluginRepositories>
    <pluginRepository>
      <releases>
        <updatePolicy>never</updatePolicy>
      </releases>
      <snapshots>
        <enabled>false</enabled>
      </snapshots>
      <id>central</id>
      <name>Central Repository</name>
      <url>https://repo.maven.apache.org/maven2</url>
    </pluginRepository>
  </pluginRepositories>
  <dependencyManagement>
    <dependencies>
      <dependency>
        <groupId>com.google.cloud</groupId>
        <artifactId>libraries-bom</artifactId>
        <version>26.22.0</version>
        <type>pom</type>
        <scope>import</scope>
      </dependency>
    </dependencies>
  </dependencyManagement>
  <properties>
    <maven-jar-plugin.version>3.3.0</maven-jar-plugin.version>
    <maven.compiler.target>11</maven.compiler.target>
    <slf4j.version>1.7.30</slf4j.version>
    <maven-exec-plugin.version>1.6.0</maven-exec-plugin.version>
    <maven.compiler.source>11</maven.compiler.source>
    <beam.version>2.48.0</beam.version>
    <maven-compiler-plugin.version>3.8.0</maven-compiler-plugin.version>
  </properties>
</project>
