0,conversation10,conversation10,2020-10-01T14:20:30.114Z,12345,777875,4049
1,conversation10,conversation10,2020-10-01T14:20:30.567Z,12345,777875,4049
2,conversation10,conversation10,2020-10-01T14:24:26.998Z,12345,777875,4049
3,conversation10,conversation10,2020-10-01T14:24:27.049Z,12345,777875,4049
0,conversation11,conversation11,2020-10-01T14:20:30.123Z,12345,777875,4049
1,conversation11,conversation11,2020-10-01T14:20:30.592Z,12345,777875,4049
2,conversation11,conversation11,2020-10-01T14:27:08.224Z,12345,777875,4049
2,conversation11,conversation11,2020-10-01T14:35:02.495Z,23456,234113,4049
2,conversation11,conversation11,2020-10-01T14:40:13.034Z,34567,299997,4049
3,conversation11,conversation11,2020-10-01T14:40:13.835Z,34567,299997,4049
1,conversation11,conversation12,2020-10-01T14:25:10.346Z,23456,234113,4049
1,conversation11,conversation13,2020-10-01T14:29:59.112Z,34567,299997,4049
0,conversation14,conversation14,2020-10-01T15:20:25.963Z,12345,777875,4049
1,conversation14,conversation14,2020-10-01T15:20:25.997Z,12345,777875,4049
2,conversation14,conversation14,2020-10-01T15:27:08.124Z,23456,234113,4061
2,conversation14,conversation14,2020-10-01T15:28:03.695Z,12345,777875,4049
3,conversation14,conversation14,2020-10-01T15:28:04.134Z,12345,777875,4049
1,conversation14,conversation15,2020-10-01T15:24:37.259Z,23456,234113,4061
