conversation10,CONVERSATION_STARTED,,,2020-10-01T14:20:30.334Z,,
conversation10,NEW_MESSAGE,good morning,participant1,2020-10-01T14:20:30.334Z,1000,2999
conversation10,NEW_MESSAGE,my name is Hercules,participant1,2020-10-01T14:20:30.334Z,7001,9000
conversation10,NEW_MESSAGE,how can I help you today ?,participant1,2020-10-01T14:20:30.334Z,45002,49001
conversation10,NEW_MESSAGE,Hi my name is Sam,participant2,2020-10-01T14:20:30.334Z,63003,77002
conversation10,NEW_MESSAGE,I am having troubles with my TV service,participant2,2020-10-01T14:20:30.334Z,101004,107003
conversation10,NEW_MESSAGE,every night I am having trouble starting the box,participant2,2020-10-01T14:20:30.334Z,151005,157004
conversation10,NEW_MESSAGE,Sorry to hear that Sam,participant1,2020-10-01T14:20:30.334Z,181006,187005
conversation10,NEW_MESSAGE,can you please tell me your account number and a pin on your account  ,participant1,2020-10-01T14:20:30.334Z,191007,199006
conversation10,NEW_MESSAGE,it is ********* and pin is ****,participant2,2020-10-01T14:20:30.334Z,201008,209007
conversation10,NEW_MESSAGE,thank  you Sam you are authenticated,participant1,2020-10-01T14:20:30.334Z,213009,217008
conversation10,NEW_MESSAGE,Sam you need to reboot your box,participant1,2020-10-01T14:20:30.334Z,219010,222009
conversation10,NEW_MESSAGE,Thnak you I will,participant2,2020-10-01T14:20:30.334Z,225011,230010
conversation10,NEW_MESSAGE,Good bye and thnak you for calling Bell,participant1,2020-10-01T14:20:30.334Z,232012,236011
conversation10,CONVERSATION_FINISHED,,,2020-10-01T14:20:30.334Z,,
conversation11,CONVERSATION_STARTED,,,2020-10-01T14:20:30.334Z,,
conversation11,NEW_MESSAGE,good morning,participant1,2020-10-01T14:20:30.334Z,1000,2999
conversation11,NEW_MESSAGE,my name is Hercules,participant1,2020-10-01T14:20:30.334Z,7001,9000
conversation11,NEW_MESSAGE,how can I help you today ?,participant1,2020-10-01T14:20:30.334Z,45002,49001
conversation11,NEW_MESSAGE,Hi my name is Sam,participant2,2020-10-01T14:20:30.334Z,63003,77002
conversation11,NEW_MESSAGE,I am having troubles with my TV service,participant2,2020-10-01T14:20:30.334Z,101004,107003
conversation11,NEW_MESSAGE,every night I am having trouble starting the box,participant2,2020-10-01T14:20:30.334Z,151005,157004
conversation11,NEW_MESSAGE,Sorry to hear that Sam,participant1,2020-10-01T14:20:30.334Z,181006,187005
conversation11,NEW_MESSAGE,can you please tell me your account number and a pin on your account  ,participant1,2020-10-01T14:20:30.334Z,191007,199006
conversation11,NEW_MESSAGE,it is ********* and pin is ****,participant2,2020-10-01T14:20:30.334Z,201008,209007
conversation11,NEW_MESSAGE,thank  you Sam you are authenticated,participant1,2020-10-01T14:20:30.334Z,213009,217008
conversation11,NEW_MESSAGE,Sam you called the billing department,participant1,2020-10-01T14:20:30.334Z,219010,222009
conversation11,NEW_MESSAGE,I need to transfer you to our technical department,participant1,2020-10-01T14:20:30.334Z,225011,230010
conversation11,NEW_MESSAGE,Do you mind if I put you on a short hold ,participant1,2020-10-01T14:20:30.334Z,232012,236011
conversation11,NEW_MESSAGE,No I don't thank you,participant2,2020-10-01T14:20:30.334Z,238013,240012
conversation11,NEW_MESSAGE,Hi Sam sorry for keeping you waiting,participant1,2020-10-01T14:20:30.334Z,331014,337013
conversation11,NEW_MESSAGE,Let me introduce you to out tech guru Nicole,participant1,2020-10-01T14:20:30.334Z,339015,343014
conversation11,NEW_MESSAGE,Hi Sam my name is Nicole and I will be glad helping you,participant1,2020-10-01T14:20:30.334Z,345016,356015
conversation11,NEW_MESSAGE,Hi Nicole nice meeting you,participant2,2020-10-01T14:20:30.334Z,361017,374016
conversation11,NEW_MESSAGE,OK Sam I will leave you with Nicole,participant1,2020-10-01T14:20:30.334Z,381018,389017
conversation11,NEW_MESSAGE,It was nice talking to you good bye,participant1,2020-10-01T14:20:30.334Z,393019,397018
conversation11,NEW_MESSAGE,Nicole I have trouble turning on my TV Box,participant2,2020-10-01T14:20:30.334Z,399015,403014
conversation11,NEW_MESSAGE,Every evening it takes forever to start,participant2,2020-10-01T14:20:30.334Z,405016,416015
conversation11,NEW_MESSAGE,did you try re booting it ,participant1,2020-10-01T14:20:30.334Z,421017,434016
conversation11,NEW_MESSAGE,how can I do it ,participant2,2020-10-01T14:20:30.334Z,441018,449017
conversation11,NEW_MESSAGE,just unplug it for 20 seconds and plug it back,participant1,2020-10-01T14:20:30.334Z,453019,457018
conversation11,NEW_MESSAGE,ok great I will do it,participant2,2020-10-01T14:20:30.334Z,459015,463014
conversation11,NEW_MESSAGE,thank you for all your help,participant2,2020-10-01T14:20:30.334Z,465016,476015
conversation11,NEW_MESSAGE,please transfer me back to Billing,participant2,2020-10-01T14:20:30.334Z,481017,494016
conversation11,NEW_MESSAGE,OK please stay on hold while I will transfer you ,participant1,2020-10-01T14:20:30.334Z,500017,524017
conversation11,NEW_MESSAGE,Hi Sam and sorry for keeping you waiting,participant1,2020-10-01T14:20:30.334Z,724264,734429
conversation11,NEW_MESSAGE,I will leave you with Bill from Billing have a great day and thanks for calling Bell,participant1,2020-10-01T14:20:30.334Z,858824,869161
conversation11,NEW_MESSAGE,Hi Sam my name is Bill and what can I do for you ,participant1,2020-10-01T14:20:30.334Z,881427,887427
conversation11,NEW_MESSAGE,Hi Bill my monthly bill  went up by $30,participant2,2020-10-01T14:20:30.334Z,893850,904233
conversation11,NEW_MESSAGE,Let me have a look but I am sure I can help you,participant1,2020-10-01T14:20:30.334Z,905676,930676
conversation11,NEW_MESSAGE,thank you  ,participant2,2020-10-01T14:20:30.334Z,933503,935567
conversation11,NEW_MESSAGE,OK Sam I can see you rented movies 5 times which resulted in extra  $30,participant1,2020-10-01T14:20:30.334Z,1135539,1145837
conversation11,NEW_MESSAGE,Oh I see all is good then and thnaks for your help,participant2,2020-10-01T14:20:30.334Z,1149162,1170680
conversation11,NEW_MESSAGE,Good bye Sam and thnak you for calling Bell,participant1,2020-10-01T14:20:30.334Z,1175240,1181457
conversation11,CONVERSATION_FINISHED,,,2020-10-01T14:20:30.334Z,,
conversation14,CONVERSATION_STARTED,,,2020-10-01T14:20:30.334Z,,
conversation14,NEW_MESSAGE,good morning,participant1,2020-10-01T14:20:30.334Z,1000,3000
conversation14,NEW_MESSAGE,my name is Hercules,participant1,2020-10-01T14:20:30.334Z,7001,9001
conversation14,NEW_MESSAGE,how can I help you today ?,participant1,2020-10-01T14:20:30.334Z,45002,49002
conversation14,NEW_MESSAGE,Hi my name is Sam,participant2,2020-10-01T14:20:30.334Z,63003,77003
conversation14,NEW_MESSAGE,I am having troubles with my TV service,participant2,2020-10-01T14:20:30.334Z,101004,107004
conversation14,NEW_MESSAGE,every night I am having trouble starting the box,participant2,2020-10-01T14:20:30.334Z,151005,157005
conversation14,NEW_MESSAGE,Sorry to hear that Sam,participant1,2020-10-01T14:20:30.334Z,181006,187006
conversation14,NEW_MESSAGE,can you please tell me your account number and a pin on your account  ,participant1,2020-10-01T14:20:30.334Z,191007,199007
conversation14,NEW_MESSAGE,it is ********* and pin is ****,participant2,2020-10-01T14:20:30.334Z,201008,209008
conversation14,NEW_MESSAGE,thank  you Sam you are authenticated,participant1,2020-10-01T14:20:30.334Z,213009,217009
conversation14,NEW_MESSAGE,Sam you called the billing department,participant1,2020-10-01T14:20:30.334Z,219010,222010
conversation14,NEW_MESSAGE,I need to conference you to our technical department,participant1,2020-10-01T14:20:30.334Z,225011,230011
conversation14,NEW_MESSAGE,Do you mind if I put you on a short hold ,participant1,2020-10-01T14:20:30.334Z,232012,236012
conversation14,NEW_MESSAGE,No I don't thank you,participant2,2020-10-01T14:20:30.334Z,238013,240013
conversation14,NEW_MESSAGE,Hi Sam sorry for keeping you waiting,participant1,2020-10-01T14:20:30.334Z,331014,337014
conversation14,NEW_MESSAGE,Let me introduce you to out tech guru Nicole,participant1,2020-10-01T14:20:30.334Z,339015,343015
conversation14,NEW_MESSAGE,Hi Sam my name is Nicole and I will be glad helping you,participant1,2020-10-01T14:20:30.334Z,345016,356016
conversation14,NEW_MESSAGE,Hi Nicole I have trouble with my TV Box,participant2,2020-10-01T14:20:30.334Z,361017,374017
conversation14,NEW_MESSAGE,Every evening it takes forever to start,participant2,2020-10-01T14:20:30.334Z,378017,379537
conversation14,NEW_MESSAGE,Sam you need to reboot your TV Box by unpugging it for 20 secodns and then plugging it back,participant1,2020-10-01T14:20:30.334Z,381018,389018
conversation14,NEW_MESSAGE,Thank you Nicole  I will do it thank you and have a great day,participant2,2020-10-01T14:20:30.334Z,393019,397019
conversation14,NEW_MESSAGE,OK Sam  now you will be ok,participant1,2020-10-01T14:20:30.334Z,399015,403015
conversation14,NEW_MESSAGE,Try what Nicole suggested and call us back if you still have a problem,participant1,2020-10-01T14:20:30.334Z,405016,416016
conversation14,NEW_MESSAGE,Thank you I will have a great day,participant2,2020-10-01T14:20:30.334Z,421017,434017
conversation14,NEW_MESSAGE,thank you for calling Bell and all the best,participant1,2020-10-01T14:20:30.334Z,441018,449018
conversation14,CONVERSATION_FINISHED,,,2020-10-01T14:20:30.334Z,,
