<?xml version="1.0" encoding="UTF-8"?>
<project xmlns="http://maven.apache.org/POM/4.0.0" xmlns:xsi="http://www.w3.org/2001/XMLSchema-instance" xsi:schemaLocation="http://maven.apache.org/POM/4.0.0 http://maven.apache.org/maven-v4_0_0.xsd">
  <modelVersion>4.0.0</modelVersion>
  <groupId>com.bell.dataflow</groupId>
  <artifactId>CallContexttoBQ</artifactId>
  <version>1.0-SNAPSHOT</version>
  <build>
    <pluginManagement>
      <plugins>
        <plugin>
          <groupId>org.codehaus.mojo</groupId>
          <artifactId>exec-maven-plugin</artifactId>
          <version>${maven-exec-plugin.version}</version>
          <configuration>
            <cleanupDaemonThreads>false</cleanupDaemonThreads>
          </configuration>
        </plugin>
      </plugins>
    </pluginManagement>
    <plugins>
      <plugin>
        <groupId>com.github.os72</groupId>
        <artifactId>protoc-jar-maven-plugin</artifactId>
        <version>3.11.4</version>
        <executions>
          <execution>
            <phase>generate-sources</phase>
            <goals>
              <goal>run</goal>
            </goals>
            <configuration>
              <inputDirectories>
                <include>${project.basedir}/src/main/resources</include>
              </inputDirectories>
              <outputTargets>
                <outputTarget>
                  <type>java</type>
                  <addSources>main</addSources>
                  <outputDirectory>${project.basedir}/src/main/java</outputDirectory>
                </outputTarget>
              </outputTargets>
            </configuration>
          </execution>
        </executions>
      </plugin>
      <plugin>
        <artifactId>maven-compiler-plugin</artifactId>
        <version>${maven-compiler-plugin.version}</version>
        <configuration>
          <source>1.8</source>
          <target>1.8</target>
        </configuration>
      </plugin>
      <plugin>
        <artifactId>maven-shade-plugin</artifactId>
        <version>3.2.1</version>
        <executions>
          <execution>
            <phase>package</phase>
            <goals>
              <goal>shade</goal>
            </goals>
            <configuration>
              <filters>
                <filter>
                  <artifact>*:*</artifact>
                  <excludes>
                    <exclude>META-INF/*.SF</exclude>
                    <exclude>META-INF/*.DSA</exclude>
                    <exclude>META-INF/*.RSA</exclude>
                  </excludes>
                </filter>
              </filters>
              <transformers>
                <transformer />
                <transformer>
                  <mainClass>com.bell.CallContexttoBQ.dataflow.CallContexttoBQ</mainClass>
                </transformer>
                <transformer>
                  <basename>resources/</basename>
                </transformer>
              </transformers>
            </configuration>
          </execution>
        </executions>
      </plugin>
      <plugin>
        <artifactId>maven-javadoc-plugin</artifactId>
        <version>3.2.0</version>
        <executions>
          <execution>
            <id>attach-javadocs</id>
            <goals>
              <goal>jar</goal>
            </goals>
          </execution>
        </executions>
      </plugin>
    </plugins>
  </build>
  <repositories>
    <repository>
      <releases>
        <enabled>false</enabled>
      </releases>
      <snapshots />
      <id>apache.snapshots</id>
      <name>Apache Development Snapshot Repository</name>
      <url>https://repository.apache.org/content/repositories/snapshots/</url>
    </repository>
  </repositories>
  <dependencies>
    <dependency>
      <groupId>org.hamcrest</groupId>
      <artifactId>hamcrest-all</artifactId>
      <version>1.3</version>
      <scope>test</scope>
    </dependency>
    <dependency>
      <groupId>org.mockito</groupId>
      <artifactId>mockito-all</artifactId>
      <version>1.9.5</version>
      <scope>test</scope>
    </dependency>
    <dependency>
      <groupId>com.google.auto.value</groupId>
      <artifactId>auto-value</artifactId>
      <version>1.7.4</version>
      <scope>provided</scope>
    </dependency>
  </dependencies>
  <properties>
    <slf4j.version>1.7.25</slf4j.version>
    <maven-exec-plugin.version>1.6.0</maven-exec-plugin.version>
    <autovalue.version>1.7.4</autovalue.version>
    <autovalue.annotations.version>1.7.4</autovalue.annotations.version>
    <beam.version>2.33.0</beam.version>
    <maven-compiler-plugin.version>3.7.0</maven-compiler-plugin.version>
    <beam-vendor-guava.version>0.1</beam-vendor-guava.version>
    <mockito.version>1.9.5</mockito.version>
    <guava.version>26.0-jre</guava.version>
    <google-clients.version>1.22.0</google-clients.version>
    <dlp.version>2.2.0</dlp.version>
  </properties>
</project>
