{
    "curated_project_name": "dp-dev-curated-5fb7",
    "dataset_location": "northamerica-northeast1",
    "gwcc_data_dataset": "gwcc_std",
    "manifest_dataset": "gwcc_recon_std",
    "manifest_raw_table": "manifest",
    "bq_information_table": "__TABLES__",
    "manifest_reconciliation_table": "manifest_reconciliation",
    "modified_tables_list_table": "modified_tables",
    "modified_tbl_fld_path": "gwcc_std/metadata/modified_tables/unprocessed/",     
    "raw_bucket_name": "def-dev-raw-bucket",
    "deployment_bucket_name": "definity-dev-dp-deployment",
    "acl_group_name": "gcp-claims-dev-developers",       
    "unprocessed_folders_path": "gwcc_std/metadata/manifest/unprocessed/",
    "google_service_account": "definity-sa-cda-dev@dp-dev-processing-4993.iam.gserviceaccount.com",
    "min_workers" :"1",
    "max_workers": "15",
    "policy_id": "A0638CF07F000016",
    "spark_version": "11.3.x-scala2.12",
    "instance_pool_id":"0525-175255-tripe3-pool-oisatn28", 
    "cda_library_file_name":"cloud-data-access-client-1.0.jar",
    "config_file_name":"config_std.yaml",    
    "main_class_name": "gw.cda.api.CloudDataAccessClient",
    "databricks_conn_id": "databricks_claims_lighthouse",   
    "manifest_json_schema": [
      {
        "fields": [
          {
            "mode": "NULLABLE",
            "name": "timestamp",
            "type": "INTEGER"
          },
          {
            "mode": "NULLABLE",
            "name": "fingerPrintId",
            "type": "STRING"
          }
        ],
        "mode": "REPEATED",
        "name": "schemaHistory",
        "type": "RECORD"
      },
      {
        "mode": "NULLABLE",
        "name": "dataFilesPath",
        "type": "STRING"
      },
      {
        "mode": "NULLABLE",
        "name": "totalProcessedRecordsCount",
        "type": "INTEGER"
      },
      {
        "mode": "NULLABLE",
        "name": "lastSuccessfulWriteTimestamp",
        "type": "INTEGER"
      },
      {
        "mode": "NULLABLE",
        "name": "tableName",
        "type": "STRING"
      },
      {
        "mode": "NULLABLE",
        "name": "dlhBatchRunId",
        "type": "INTEGER"
      }
    ],
    "modified_tbl_json_schema": [
      {
        "name": "modifiedTableNames",
        "mode": "REPEATED",
        "type": "STRING"
      },
      {
        "name": "dlhBatchRunId",
        "mode": "NULLABLE",
        "type": "INTEGER"
      }      
    ]
  }