{
    "curated_project_name": "dp-qa-curated-27f1",
    "dataset_location": "northamerica-northeast1",
    "gwcc_data_dataset": "gwcc_pps",
    "manifest_dataset": "gwcc_recon_pps",
    "manifest_raw_table": "manifest",
    "bq_information_table": "__TABLES__",
    "manifest_reconciliation_table": "manifest_reconciliation",    
    "raw_bucket_name": "definity-qa-raw-bucket",
    "deployment_bucket_name": "definity-qa-dp-deployment",
    "acl_group_name": "gcp-data-qa-developers",     
    "unprocessed_folders_path": "gwcc_pps/metadata/manifest/unprocessed/",
    "google_service_account": "def-lighthouse-cda-qa@dp-qa-processing-7cc0.iam.gserviceaccount.com",
    "min_workers" :"1",
    "max_workers": "20",
    "policy_id": "5D64458473000012",
    "spark_version": "11.3.x-scala2.12",
    "instance_pool_id":"0525-175255-tripe3-pool-oisatn28",
    "cda_library_file_name":"cloud-data-access-client-1.0.jar",
    "config_file_name":"config_pps1.yaml",
    "main_class_name": "gw.cda.api.CloudDataAccessClient",
    "databricks_conn_id": "databricks_claims_lighthouse",
    "databricks_job_name": "CDA_CLIENT_GWCC_PERF",        
    "manifest_json_schema": [
      {
        "fields": [
          {
            "mode": "NULLABLE",
            "name": "timestamp",
            "type": "INTEGER"
          },
          {
            "mode": "NULLABLE",
            "name": "fingerPrintId",
            "type": "STRING"
          }
        ],
        "mode": "REPEATED",
        "name": "schemaHistory",
        "type": "RECORD"
      },
      {
        "mode": "NULLABLE",
        "name": "dataFilesPath",
        "type": "STRING"
      },
      {
        "mode": "NULLABLE",
        "name": "totalProcessedRecordsCount",
        "type": "INTEGER"
      },
      {
        "mode": "NULLABLE",
        "name": "lastSuccessfulWriteTimestamp",
        "type": "INTEGER"
      },
      {
        "mode": "NULLABLE",
        "name": "tableName",
        "type": "STRING"
      },
      {
        "mode": "NULLABLE",
        "name": "dlhBatchRunId",
        "type": "INTEGER"
      }
    ],
    "modified_tbl_json_schema": [
      {
        "name": "modifiedTableNames",
        "mode": "REPEATED",
        "type": "STRING"
      },
      {
        "name": "dlhBatchRunId",
        "mode": "NULLABLE",
        "type": "INTEGER"
      }
    ]    
  }