{
    "curated_project_name": "dp-prod-curated-b30b",
    "dataset_location": "northamerica-northeast1",
    "gwcc_data_dataset": "gwcc",
    "manifest_dataset": "gwcc_recon",
    "manifest_raw_table": "manifest",
    "bq_information_table": "__TABLES__",
    "manifest_reconciliation_table": "manifest_reconciliation",    
    "raw_bucket_name": "definity-prod-raw-bucket",
    "deployment_bucket_name": "definity-prod-dp-deployment",
    "acl_group_name": "gcp-data-prod-developers",
    "unprocessed_folders_path": "gwcc/metadata/manifest/unprocessed/",
    "google_service_account": "def-lighthouse-cda-prod@dp-prod-processing-b757.iam.gserviceaccount.com",
    "min_workers" :"1",
    "max_workers": "20",
    "policy_id": "001B1581AAB13EA9",
    "spark_version": "11.3.x-scala2.12",
    "instance_pool_id":"0711-181036-slop3-pool-xgq6no5c",
    "cda_library_file_name":"cloud-data-access-client-1.0.jar",
    "config_file_name":"config_prod.yaml",
    "main_class_name": "gw.cda.api.CloudDataAccessClient",
    "databricks_conn_id": "databricks_claims_lighthouse",
    "databricks_job_name": "CDA_CLIENT_GWCC",        
    "manifest_json_schema": [
      {
        "fields": [
          {
            "mode": "NULLABLE",
            "name": "timestamp",
            "type": "INTEGER"
          },
          {
            "mode": "NULLABLE",
            "name": "fingerPrintId",
            "type": "STRING"
          }
        ],
        "mode": "REPEATED",
        "name": "schemaHistory",
        "type": "RECORD"
      },
      {
        "mode": "NULLABLE",
        "name": "dataFilesPath",
        "type": "STRING"
      },
      {
        "mode": "NULLABLE",
        "name": "totalProcessedRecordsCount",
        "type": "INTEGER"
      },
      {
        "mode": "NULLABLE",
        "name": "lastSuccessfulWriteTimestamp",
        "type": "INTEGER"
      },
      {
        "mode": "NULLABLE",
        "name": "tableName",
        "type": "STRING"
      },
      {
        "mode": "NULLABLE",
        "name": "dlhBatchRunId",
        "type": "INTEGER"
      }
    ]
  }