{
    "presas_jobs_variables": {
      "output_folder_path": "Pre-sas/eclm_all_lob_acty_data_to_sas/output/",
      "runtime_path": "Pre-sas/eclm_all_lob_acty_data_to_sas/runtime/runtime_@execution_datetime/",
      "composer_path": "data/Pre-sas/",
      "query_path": "PreSAS/bigquery/dml",
      "presas_sql_file": "ex_claim_job.sql",
      "filename": "eclm_extr.csv",
      "curated_dataset_name": "eclm",
      "runtime_filename": "eclm_extr_@execution_datetime.csv",
      "Ftp_conn_id": "presas_conn_id",
      "destination_path": "/CLAIMS/claimsops/upload",
      "export_to_ftp": "false"
    }
  }