{
  "inspectTemplate": {
    "displayName": "S2T_CUSTOM_INSPECT_RULES",
    "description": "Inspection template for custom info types RR-00 to RR-05, for masking PII content.",
    "inspectConfig": {
      "infoTypes": [
        {
          "name": "CANADA_BANK_ACCOUNT"
        },
        {
          "name": "CANADA_BC_PHN"
        },
        {
          "name": "CANADA_DRIVERS_LICENSE_NUMBER"
        },
        {
          "name": "CANADA_OHIP"
        },
        {
          "name": "CANADA_PASSPORT"
        },
        {
          "name": "CANADA_QUEBEC_HIN"
        },
        {
          "name": "CANADA_SOCIAL_INSURANCE_NUMBER"
        },
        {
          "name": "CREDIT_CARD_NUMBER"
        },
        {
          "name": "PASSWORD"
        },
        {
          "name": "DATE"
        },
        {
          "name": "DATE_OF_BIRTH"
        },
        {
          "name": "AGE"
        },
        {
          "name": "PASSPORT"
        },
        {
          "name": "CREDIT_CARD_TRACK_NUMBER"
        }
      ],
      "minLikelihood": "POSSIBLE",
      "limits": {},
      "customInfoTypes": [
        {
          "infoType": {
            "name": "CUSTOM-RR-01"
          },
          "regex": {
            "pattern": "[a-zA-Z0-9!@#$%^&*_-]+"
          },
          "likelihood": "POSSIBLE"
        },
        {
          "infoType": {
            "name": "CUSTOM-RR-02-01"
          },
          "regex": {
            "pattern": "\\b[0-9]+(\\s){1}(dollar|payment|call|transaction|contact|attempt|try|adjustment|charge|time|channel|modem|box|visit|correction|failure|success|communication|line|subscriber|kilometer|Km|meter|centimeter|Cm|millimeter|mm|mile|foot|Ft|inch|In|account|service|hour|hr|minute|min|second|sec|Millisecond|Msec|Mi|M|cent|pièces|argent|sous|paiement|versement|appels|communiquer|téléphoner|transfer|arrangement|contacter|discussion|joindre|communiquer|appeler|essai|tenter|essayer|tester|tenter|adjustement|crédit|remboursement|montant|solde|date|durée|temps|canal|poste|routeur|boite|visite|rendez\\-vous|consultation|rencontre|changement|modification|rectification|amélioration|échec|insuccès|malheur|débâcle|succès|réussite|correspondance|rapport|échange|ligne|abonné|utilisateur|kilomètre|km|mètre|m|centimètre|cm|millimètre|mille|mille|pieds|pieds|pouce|po|in|compte|sommaire|balance|état|usage|heure|h|minute|min|seconde|sec|milliseconde|msec)+(s?)+\\b"
          },
          "likelihood": "POSSIBLE"
        },
        {
          "infoType": {
            "name": "CUSTOM-RR-02-02"
          },
          "regex": {
            "pattern": "(204|306|367|403|416|418|514|604|613|782|867|902)\\d{7}"
          },
          "likelihood": "POSSIBLE"
        },
        {
          "infoType": {
            "name": "CUSTOM-RR-02-03"
          },
          "regex": {
            "pattern": "(1800|1833|1844|1855|1866|1877|1888)\\d{7}"
          },
          "likelihood": "POSSIBLE"
        },
        {
          "infoType": {
            "name": "CUSTOM-RR-05"
          },
          "regex": {
            "pattern": "\\B[$]\\d*(\\,?\\d+)(\\.?\\d+)"
          },
          "likelihood": "POSSIBLE"
        }
      ],
      "ruleSet": [
        {
          "infoTypes": [
            {
              "name": "CUSTOM-RR-01"
            },
            {
              "name": "CUSTOM-RR-02-01"
            },
            {
              "name": "CUSTOM-RR-02-02"
            },
            {
              "name": "CUSTOM-RR-02-03"
            }
          ],
          "rules": [
            {
              "exclusionRule": {
                "regex": {
                  "pattern": "\\b[^\\d\\W]+\\b"
                },
                "matchingType": "MATCHING_TYPE_FULL_MATCH"
              }
            }
          ]
        },
        {
          "infoTypes": [
            {
              "name": "CUSTOM-RR-01"
            }
          ],
          "rules": [
            {
              "exclusionRule": {
                "excludeInfoTypes": {
                  "infoTypes": [
                    {
                      "name": "CUSTOM-RR-02-01"
                    },
                    {
                      "name": "CUSTOM-RR-02-02"
                    },
                    {
                      "name": "CUSTOM-RR-02-03"
                    },
                    {
                      "name": "CUSTOM-RR-05"
                    },
                    {
                      "name": "AGE"
                    },
                    {
                      "name": "DATE"
                    },
                    {
                      "name": "DATE_OF_BIRTH"
                    },
                    {
                      "name": "CREDIT_CARD_NUMBER"
                    },
                    {
                      "name": "CREDIT_CARD_TRACK_NUMBER"
                    }
                  ]
                },
                "matchingType": "MATCHING_TYPE_FULL_MATCH"
              }
            }
          ]
        }
      ]
    }
  }
}
