<?xml version="1.0" encoding="UTF-8"?>
<project xmlns="http://maven.apache.org/POM/4.0.0" xmlns:xsi="http://www.w3.org/2001/XMLSchema-instance" xsi:schemaLocation="http://maven.apache.org/POM/4.0.0 http://maven.apache.org/maven-v4_0_0.xsd">
  <modelVersion>4.0.0</modelVersion>
  <groupId>com.bell.stt.acc</groupId>
  <artifactId>PubSubToKafkaForCallContext</artifactId>
  <version>1.0-SNAPSHOT</version>
  <build>
    <pluginManagement>
      <plugins>
        <plugin>
          <groupId>org.codehaus.mojo</groupId>
          <artifactId>exec-maven-plugin</artifactId>
          <version>${maven-exec-plugin.version}</version>
          <configuration>
            <cleanupDaemonThreads>false</cleanupDaemonThreads>
          </configuration>
        </plugin>
      </plugins>
    </pluginManagement>
    <plugins>
      <plugin>
        <groupId>com.github.os72</groupId>
        <artifactId>protoc-jar-maven-plugin</artifactId>
        <version>3.11.4</version>
        <executions>
          <execution>
            <phase>generate-sources</phase>
            <goals>
              <goal>run</goal>
            </goals>
            <configuration>
              <inputDirectories>
                <include>${project.basedir}/src/main/resources/proto</include>
              </inputDirectories>
              <outputTargets>
                <outputTarget>
                  <type>java</type>
                  <addSources>main</addSources>
                  <outputDirectory>${project.basedir}/src/main/java</outputDirectory>
                </outputTarget>
              </outputTargets>
            </configuration>
          </execution>
        </executions>
      </plugin>
      <plugin>
        <groupId>org.apache.avro</groupId>
        <artifactId>avro-maven-plugin</artifactId>
        <version>${avro.version}</version>
        <executions>
          <execution>
            <phase>generate-sources</phase>
            <goals>
              <goal>schema</goal>
            </goals>
            <configuration>
              <sourceDirectory>${project.basedir}/src/main/resources/avro</sourceDirectory>
              <outputDirectory>${project.basedir}/src/main/java</outputDirectory>
              <stringType>String</stringType>
            </configuration>
          </execution>
        </executions>
      </plugin>
      <plugin>
        <artifactId>maven-compiler-plugin</artifactId>
        <configuration>
          <source>1.8</source>
          <target>1.8</target>
        </configuration>
      </plugin>
      <plugin>
        <artifactId>maven-shade-plugin</artifactId>
        <version>3.2.1</version>
        <executions>
          <execution>
            <phase>package</phase>
            <goals>
              <goal>shade</goal>
            </goals>
            <configuration>
              <filters>
                <filter>
                  <artifact>*:*</artifact>
                  <excludes>
                    <exclude>META-INF/*.SF</exclude>
                    <exclude>META-INF/*.DSA</exclude>
                    <exclude>META-INF/*.RSA</exclude>
                  </excludes>
                </filter>
              </filters>
              <transformers>
                <transformer />
                <transformer>
                  <mainClass>com.bell.stt.acc.AvayaCallContext</mainClass>
                </transformer>
                <transformer>
                  <basename>resources/</basename>
                </transformer>
              </transformers>
            </configuration>
          </execution>
        </executions>
      </plugin>
      <plugin>
        <artifactId>maven-javadoc-plugin</artifactId>
        <version>3.2.0</version>
        <executions>
          <execution>
            <id>attach-javadocs</id>
            <goals>
              <goal>jar</goal>
            </goals>
          </execution>
        </executions>
        <configuration>
          <sourceFileExcludes>com.bell.stt.acc.proto.ContextOuterClass</sourceFileExcludes>
          <excludePackageNames>com.bell.stt.acc.proto.*:com.google.protobuf.*</excludePackageNames>
        </configuration>
      </plugin>
    </plugins>
  </build>
  <repositories>
    <repository>
      <id>confluent</id>
      <url>https://packages.confluent.io/maven/</url>
    </repository>
  </repositories>
  <pluginRepositories>
    <pluginRepository>
      <id>confluent</id>
      <url>https://packages.confluent.io/maven/</url>
    </pluginRepository>
  </pluginRepositories>
  <dependencies>
    <dependency>
      <groupId>org.hamcrest</groupId>
      <artifactId>hamcrest-all</artifactId>
      <version>1.3</version>
      <scope>test</scope>
    </dependency>
  </dependencies>
  <properties>
    <maven.compiler.target>1.8</maven.compiler.target>
    <dataflow>2.34.0</dataflow>
    <maven.compiler.source>1.8</maven.compiler.source>
    <beam-vendor-guava.version>0.1</beam-vendor-guava.version>
    <avro.version>1.10.0</avro.version>
    <confluent.version>5.2.1</confluent.version>
    <guava.version>26.0-jre</guava.version>
  </properties>
</project>
