{
    "ex_ubermart_policy_variables" : {
        "source_folder_path"  :  "ubermart_output/policy",
        "archive_folder_path"  :  "ubermart_output/archive/policy/",
        "composer_folder_path"  :  "data/ubermart_output/policy",
        "ftp_source_dir" : "/CDM_Non-Prod/EDHUAT/umart/uber_datamart_output/policy",
        "local_path" : "/home/airflow/gcs",
        "folder_path": "data/ubermart_output",
        "file_name" : "umart_policy_output.csv",
        "destination_folder" : "policy"
    }


}