{
    "ex_ubermart_aggr_processed_variables" : {
        "source_folder_path"  :  "ubermart_output/aggr_processed_date",
        "composer_folder_path"  :  "data/ubermart_output/aggr_processed_date",
        "ftp_source_dir" : "/CDM_Non-Prod/EDHUAT/umart/uber_datamart_output/processed_date",
        "local_path" : "/home/airflow/gcs",
        "folder_path": "data/ubermart_output",
        "file_name" : "uber_umart_processeddate_output.csv",
        "destination_folder" : "aggr_processed_date"
    }
}