{
  "deidentifyTemplate": {
    "displayName": "S2T_CUSTOM_DEID_RULES",
    "description": "De-Identification template for custom info types RR-00 to RR-05, for masking PII content.",
    "deidentifyConfig": {
      "infoTypeTransformations": {
        "transformations": [
          {
            "infoTypes": [
              {
                "name": "CANADA_BANK_ACCOUNT"
              },
              {
                "name": "CANADA_BC_PHN"
              },
              {
                "name": "CANADA_DRIVERS_LICENSE_NUMBER"
              },
              {
                "name": "CANADA_OHIP"
              },
              {
                "name": "CANADA_PASSPORT"
              },
              {
                "name": "PASSWORD"
              },
              {
                "name": "DATE"
              },
              {
                "name": "DATE_OF_BIRTH"
              },
              {
                "name": "PASSPORT"
              },
              {
                "name": "CREDIT_CARD_TRACK_NUMBER"
              },
              {
                "name": "CANADA_QUEBEC_HIN"
              },
              {
                "name": "CANADA_SOCIAL_INSURANCE_NUMBER"
              },
              {
                "name": "CUSTOM-RR-01"
              }
            ],
            "primitiveTransformation": {
              "characterMaskConfig": {
                "maskingCharacter": "#"
              }
            }
          },
          {
            "infoTypes": [
              {
                "name": "CREDIT_CARD_NUMBER"
              }
            ],
            "primitiveTransformation": {
              "characterMaskConfig": {
                "maskingCharacter": "#"
              }
            }
          },
          {
            "infoTypes": [
              {
                "name": "AGE"
              }
            ],
            "primitiveTransformation": {
              "bucketingConfig": {
                "buckets": [
                  {
                    "min": {
                      "stringValue": "1"
                    },
                    "max": {
                      "stringValue": "30"
                    },
                    "replacementValue": {
                      "stringValue": "15"
                    }
                  },
                  {
                    "min": {
                      "stringValue": "30"
                    },
                    "max": {
                      "stringValue": "60"
                    },
                    "replacementValue": {
                      "stringValue": "45"
                    }
                  },
                  {
                    "min": {
                      "stringValue": "60"
                    },
                    "max": {
                      "stringValue": "99"
                    },
                    "replacementValue": {
                      "stringValue": "75"
                    }
                  }
                ]
              }
            }
          }
        ]
      }
    }
  }
}
