{
	"inspectTemplate": {
		"displayName": "DLP Inspection Config For Demo",
		"description": "DLP Config To Inspect GCS and S3 Bucket",
		"inspectConfig": {
			"infoTypes": [
				{
					"name": "EMAIL_ADDRESS"
				},
				{
					"name": "CREDIT_CARD_NUMBER"
				},
				{
					"name": "PHONE_NUMBER"
				},
				{
					"name": "US_SOCIAL_SECURITY_NUMBER"
				},
				{
					"name": "IP_ADDRESS"
				}
			],
			"minLikelihood": "POSSIBLE",
			"customInfoTypes": [
				{
					"infoType": {
						"name": "ONLINE_USER_ID"
					},
					"regex": {
						"pattern": "\\b:\\d{16}"
					}
				}
			]
		}
	},
}
