{
    "shift_export_variables": {
        "framework_path": "",
        "troubleshooting_path": "",
        "job_book_path": "",

        "export_to_ftp": "True",
        "shift_ftp_connection_id": "shift_ftp_send",
        "shift_archive_path": "/archive/",

        "sql_base_path": "export_pipeline/shift/bigquery/dml/",
        "load_to_export_query_path": "load_to_export.sql",
        "truncate_export_query_path": "truncate_export.sql",

        "rsp_regul8_ftp_conn_id": "rsp_regul8_ftp",
        "extract_r8_ftp_path": "/archive/",
        "src_path": "data/shift_files/",
        "local_src_path": "/home/airflow/gcs/data/shift_files/",
        "derived_dataset": "product_fraud_shift_test",

        "bash_command_path": "export_pipeline/shift/bash_command/count_line_script_for_audit.sh", 

        "claim_party_address_export_table_name": "export_claim_party_address",
        "claim_party_address_final_table_name": "claim_party_address",
        "claim_party_address_derived_path": "product_fraud_shift/claim_party_address",
        "claim_party_address_output_path": "@claim_party_address_derived_path/output/",
        "claim_party_address_runtime_path": "@claim_party_address_derived_path/runtime_@execution_datetime/",
        "claim_party_address_file_name": "shift_claim_party_address_@execution_date.csv",
        "claim_party_address_output_file": "shift_claim_party_address.csv",
        
        "auto_policy_export_table_name": "export_auto_policy",
        "auto_policy_final_table_name": "auto_policy",
        "auto_policy_derived_path": "product_fraud_shift/auto_policy",
        "auto_policy_output_path": "@auto_policy_derived_path/output/",
        "auto_policy_runtime_path": "@auto_policy_derived_path/runtime_@execution_datetime/",
        "auto_policy_file_name": "shift_auto_policy_@execution_date.csv",
        "auto_policy_output_file": "shift_auto_policy.csv",
        
        "auto_sub_claim_export_table_name": "export_auto_sub_claim",
        "auto_sub_claim_final_table_name": "auto_sub_claim",
        "auto_sub_claim_derived_path": "product_fraud_shift/auto_sub_claim",
        "auto_sub_claim_output_path": "@auto_sub_claim_derived_path/output/",
        "auto_sub_claim_runtime_path": "@auto_sub_claim_derived_path/runtime_@execution_datetime/",
        "auto_sub_claim_file_name": "shift_auto_sub_claim_@execution_date.csv",
        "auto_sub_claim_output_file": "shift_auto_sub_claim.csv",
        
        "claim_financial_detail_export_table_name": "export_claim_financial_detail",
        "claim_financial_detail_final_table_name": "claim_financial_detail",
        "claim_financial_detail_derived_path": "product_fraud_shift/claim_financial_detail",
        "claim_financial_detail_output_path": "@claim_financial_detail_derived_path/output/",
        "claim_financial_detail_runtime_path": "@claim_financial_detail_derived_path/runtime_@execution_datetime/",
        "claim_financial_detail_file_name": "shift_claim_financial_detail_@execution_date.csv",
        "claim_financial_detail_output_file": "shift_claim_financial_detail.csv",
        
        "involved_covers_export_table_name": "export_involved_covers",
        "involved_covers_final_table_name": "involved_covers",
        "involved_covers_derived_path": "product_fraud_shift/involved_covers",
        "involved_covers_output_path": "@involved_covers_derived_path/output/",
        "involved_covers_runtime_path": "@involved_covers_derived_path/runtime_@execution_datetime/",
        "involved_covers_file_name": "shift_involved_covers_@execution_date.csv",
        "involved_covers_output_file": "shift_involved_covers.csv",
        
        "claim_involved_party_role_export_table_name": "export_claim_involved_party_role",
        "claim_involved_party_role_final_table_name": "claim_involved_party_role",
        "claim_involved_party_role_derived_path": "product_fraud_shift/claim_involved_party_role",
        "claim_involved_party_role_output_path": "@claim_involved_party_role_derived_path/output/",
        "claim_involved_party_role_runtime_path": "@claim_involved_party_role_derived_path/runtime_@execution_datetime/",
        "claim_involved_party_role_file_name": "shift_claim_involved_party_role_@execution_date.csv",
        "claim_involved_party_role_output_file": "shift_claim_involved_party_role.csv",
        
        "claim_involved_party_export_table_name": "export_claim_involved_party",
        "claim_involved_party_final_table_name": "claim_involved_party",
        "claim_involved_party_derived_path": "product_fraud_shift/claim_involved_party",
        "claim_involved_party_output_path": "@claim_involved_party_derived_path/output/",
        "claim_involved_party_runtime_path": "@claim_involved_party_derived_path/runtime_@execution_datetime/",
        "claim_involved_party_file_name": "shift_claim_involved_party_@execution_date.csv",
        "claim_involved_party_output_file": "shift_claim_involved_party.csv",
        
        "claim_involved_vehicle_export_table_name": "export_claim_involved_vehicle",
        "claim_involved_vehicle_final_table_name": "claim_involved_vehicle",
        "claim_involved_vehicle_derived_path": "product_fraud_shift/claim_involved_vehicle",
        "claim_involved_vehicle_output_path": "@claim_involved_vehicle_derived_path/output/",
        "claim_involved_vehicle_runtime_path": "@claim_involved_vehicle_derived_path/runtime_@execution_datetime/",
        "claim_involved_vehicle_file_name": "shift_claim_involved_vehicle_@execution_date.csv",
        "claim_involved_vehicle_output_file": "shift_claim_involved_vehicle.csv",
        
        "claim_note_export_table_name": "export_claim_note",
        "claim_note_final_table_name": "claim_note",
        "claim_note_derived_path": "product_fraud_shift/claim_note",
        "claim_note_output_path": "@claim_note_derived_path/output/",
        "claim_note_runtime_path": "@claim_note_derived_path/runtime_@execution_datetime/",
        "claim_note_file_name": "shift_claim_note_@execution_date.csv",
        "claim_note_output_file": "shift_claim_note.csv",
        
        "claim_payment_export_table_name": "export_claim_payment",
        "claim_payment_final_table_name": "claim_payment",
        "claim_payment_derived_path": "product_fraud_shift/claim_payment",
        "claim_payment_output_path": "@claim_payment_derived_path/output/",
        "claim_payment_runtime_path": "@claim_payment_derived_path/runtime_@execution_datetime/",
        "claim_payment_file_name": "shift_claim_payment_@execution_date.csv",
        "claim_payment_output_file": "shift_claim_payment.csv",
        
        "coverage_export_table_name": "export_coverage",
        "coverage_final_table_name": "coverage",
        "coverage_derived_path": "product_fraud_shift/coverage",
        "coverage_output_path": "@coverage_derived_path/output/",
        "coverage_runtime_path": "@coverage_derived_path/runtime_@execution_datetime/",
        "coverage_file_name": "shift_coverage_@execution_date.csv",
        "coverage_output_file": "shift_coverage.csv",
        
        "vendors_export_table_name": "export_vendors",
        "vendors_final_table_name": "vendors",
        "vendors_derived_path": "product_fraud_shift/vendors",
        "vendors_output_path": "@vendors_derived_path/output/",
        "vendors_runtime_path": "@vendors_derived_path/runtime_@execution_datetime/",
        "vendors_file_name": "shift_vendors_@execution_date.csv",
        "vendors_output_file": "shift_vendors.csv",
        
        "first_party_vehicle_external_data_export_table_name": "export_first_party_vehicle_external_data",
        "first_party_vehicle_external_data_final_table_name": "first_party_vehicle_external_data",
        "first_party_vehicle_external_data_derived_path": "product_fraud_shift/first_party_vehicle_external_data",
        "first_party_vehicle_external_data_output_path": "@first_party_vehicle_external_data_derived_path/output/",
        "first_party_vehicle_external_data_runtime_path": "@first_party_vehicle_external_data_derived_path/runtime_@execution_datetime/",
        "first_party_vehicle_external_data_file_name": "shift_first_party_vehicle_external_data_@execution_date.csv",
        "first_party_vehicle_external_data_output_file": "shift_first_party_vehicle_external_data.csv",
        
        "injury_detail_export_table_name": "export_injury_detail",
        "injury_detail_final_table_name": "injury_detail",
        "injury_detail_derived_path": "product_fraud_shift/injury_detail",
        "injury_detail_output_path": "@injury_detail_derived_path/output/",
        "injury_detail_runtime_path": "@injury_detail_derived_path/runtime_@execution_datetime/",
        "injury_detail_file_name": "shift_injury_detail_@execution_date.csv",
        "injury_detail_output_file": "shift_injury_detail.csv",
        
        "policy_party_export_table_name": "export_policy_party",
        "policy_party_final_table_name": "policy_party",
        "policy_party_derived_path": "product_fraud_shift/policy_party",
        "policy_party_output_path": "@policy_party_derived_path/output/",
        "policy_party_runtime_path": "@policy_party_derived_path/runtime_@execution_datetime/",
        "policy_party_file_name": "shift_policy_party_@execution_date.csv",
        "policy_party_output_file": "shift_policy_party.csv",
        
        "policy_vehicle_export_table_name": "export_policy_vehicle",
        "policy_vehicle_final_table_name": "policy_vehicle",
        "policy_vehicle_derived_path": "product_fraud_shift/policy_vehicle",
        "policy_vehicle_output_path": "@policy_vehicle_derived_path/output/",
        "policy_vehicle_runtime_path": "@policy_vehicle_derived_path/runtime_@execution_datetime/",
        "policy_vehicle_file_name": "shift_policy_vehicle_@execution_date.csv",
        "policy_vehicle_output_file": "shift_policy_vehicle.csv",
        
        "policy_version_export_table_name": "export_policy_version",
        "policy_version_final_table_name": "policy_version",
        "policy_version_derived_path": "product_fraud_shift/policy_version",
        "policy_version_output_path": "@policy_version_derived_path/output/",
        "policy_version_runtime_path": "@policy_version_derived_path/runtime_@execution_datetime/",
        "policy_version_file_name": "shift_policy_version_@execution_date.csv",
        "policy_version_output_file": "shift_policy_version.csv",
        
        "vehicle_driver_export_table_name": "export_vehicle_driver",
        "vehicle_driver_final_table_name": "vehicle_driver",
        "vehicle_driver_derived_path": "product_fraud_shift/vehicle_driver",
        "vehicle_driver_output_path": "@vehicle_driver_derived_path/output/",
        "vehicle_driver_runtime_path": "@vehicle_driver_derived_path/runtime_@execution_datetime/",
        "vehicle_driver_file_name": "shift_vehicle_driver_@execution_date.csv",
        "vehicle_driver_output_file": "shift_vehicle_driver.csv",
        
        "auto_claim_export_table_name": "export_auto_claim",
        "auto_claim_final_table_name": "auto_claim",
        "auto_claim_derived_path": "product_fraud_shift/auto_claim",
        "auto_claim_output_path": "@auto_claim_derived_path/output/",
        "auto_claim_runtime_path": "@auto_claim_derived_path/runtime_@execution_datetime/",
        "auto_claim_file_name": "shift_auto_claim_@execution_date.csv",
        "auto_claim_output_file": "shift_auto_claim.csv",

        "shift_table_names": "auto_claim,auto_policy,auto_sub_claim,claim_financial_detail,claim_involved_party,claim_involved_party_role,claim_involved_vehicle,claim_note,claim_party_address,claim_payment,coverage,first_party_vehicle_external_data,injury_detail,involved_covers,policy_party,policy_vehicle,policy_version,vehicle_driver,vendors",
        "shift_email_query_path": "shift_email_query.sql",
        "ShiftData_DL@economical.com": "rutik.malvade@definity.com,aswini.gouda@definity.com,aditya.chavan@definity.com,baisakh.nanda@quantiphi.com,neelapala.manikanta@quantiphi.com"
    },
    "derived_bucket_name": "definity-qa-derived-bucket",
    "derived_project_name": "dp-qa-derived-e0f9",
    "deployment_bucket_name": "definity-qa-dp-deployment",
    "composer_bucket_name": "northamerica-northeast1-qa--664a60f3-bucket",
    "processing_project_name": "dp-qa-processing-7cc0"
}