{
"base_folder_path" : "brrec/risk",
"topic_name" : "topic_name",
"curated_dataset_name" : "farc_brr",
"external_table_name" : "audit_risk_farc_external",
"staging_table_name" : "audit_risk_farc_staging",
"curated_table_name" : "audit_risk_farc",
"query_path" : "ingestion_pipeline/brrec/bigquery/dml",
"load_details_query_path" : "ingestion_pipeline/brrec/bigquery/dml/get_load_details_audit_risk_farc.sql",
"load_to_curated_query_path" : "ingestion_pipeline/brrec/bigquery/dml/insert_into_audit_risk_farc_curated_table.sql"
}