{
    "manuallogs_export_variables": {
        "export_to_ftp": false,

        "ftp_conn_id": "eclm_ftp",
        "src_path": "data/manuallogs_files/",
        "local_src_path": "/home/airflow/gcs/data/manuallogs_files/",

        "error_report_output_file": "error_report.csv",
        "error_report_file_name": "flat_files_%d%m%Y%H%M%S_ERROR.csv",
        "error_report_ftp_path": "/EDHprod/lh_cdm/Cdm_output/errorreport/@execution_date/",
        "error_report_derived_path": "claim_operation/error_report",
        "error_report_output_path": "@error_report_derived_path/output/",
        "error_report_runtime_path": "@error_report_derived_path/runtime_@execution_datetime/",

        "summary_report_output_file": "summary_report.csv",
        "summary_report_file_name": "summary_report_%d%m%Y.csv",
        "summary_report_ftp_path": "/EDHprod/lh_cdm/Cdm_output/summaryreport/@execution_date/",
        "summary_report_derived_path": "claim_operation/summary_report",
        "summary_report_output_path": "@summary_report_derived_path/output/",
        "summary_report_runtime_path": "@summary_report_derived_path/runtime_@execution_datetime/",

        "framework_path": "https://economical.atlassian.net/wiki/spaces/CDP/pages/43630233087/EDH+Migration+Rel+4.2+-+Manuallogs+Ingestion#Framework-Details",
        "troubleshooting_path": "https://economical.atlassian.net/wiki/spaces/CDP/pages/43630233087/EDH+Migration+Rel+4.2+-+Manuallogs+Ingestion#Troubleshooting",
        "job_book_path": "https://economical.atlassian.net/wiki/spaces/CDP/pages/43630233087/EDH+Migration+Rel+4.2+-+Manuallogs+Ingestion#Dag-Steps"
    }
}