<?xml version="1.0"?>
<Transaction xmlns="http://guidewire.com/bc/gx/eco.plugin.generalledger.gltransactionmodel" xmlns:ns0="http://guidewire.com/bc/gx/eco.plugin.generalledger.entities.glunappliedfundmodel">
    <entity-AccountNegativeWriteoffTxn>
        <PremiumPortion_ECO>
            <Amount>0</Amount>
        </PremiumPortion_ECO>
        <TaxPortion_ECO>
            <Amount>0</Amount>
        </TaxPortion_ECO>
    </entity-AccountNegativeWriteoffTxn>
    <entity-AccountTransaction>
        <UnappliedFund>
            <ns0:Description>30085938</ns0:Description>
            <ns0:Policy>
                <ns0:LatestPolicyPeriod>
                    <ns0:LatestPCPolicyPeriodPubId_ECO>pc:21304999</ns0:LatestPCPolicyPeriodPubId_ECO>
                    <ns0:PolicyNumber>30085938</ns0:PolicyNumber>
                    <ns0:PublicID>bc:6676168</ns0:PublicID>
                    <ns0:TermNumber>14</ns0:TermNumber>
                    <ns0:UpdateTime>2023-03-02T00:17:22.507-05:00</ns0:UpdateTime>
                </ns0:LatestPolicyPeriod>
                <ns0:PublicID>bc:746174</ns0:PublicID>
            </ns0:Policy>
            <ns0:PublicID>bc:1208687</ns0:PublicID>
        </UnappliedFund>
    </entity-AccountTransaction>
    <Amount_amt>2.28</Amount_amt>
    <CreateUser>
        <Credential>
            <DisplayName>sys</DisplayName>
            <UserName>sys</UserName>
        </Credential>
    </CreateUser>
    <CreditLineItems>
        <Entry>
            <TAccount>
                <ID>
                    <Value>19375840</Value>
                </ID>
                <Owner>
                    <DisplayName>006343999</DisplayName>
                </Owner>
                <TAccountOwnerTypeNameTAccountName>Account (#006343999) : Negative Write-Off</TAccountOwnerTypeNameTAccountName>
                <TAccountPattern>
                    <TAccountName>Negative Write-Off</TAccountName>
                </TAccountPattern>
            </TAccount>
        </Entry>
    </CreditLineItems>
    <DebitLineItems>
        <Entry>
            <TAccount>
                <ID>
                    <Value>19375897</Value>
                </ID>
                <Owner>
                    <DisplayName>006343999</DisplayName>
                </Owner>
                <TAccountOwnerTypeNameTAccountName>Account (#006343999) : Designated Unapplied (30085938)</TAccountOwnerTypeNameTAccountName>
                <TAccountPattern>
                    <TAccountName>Designated Unapplied</TAccountName>
                </TAccountPattern>
            </TAccount>
        </Entry>
    </DebitLineItems>
    <FirstLineItem>
        <TAccount>
            <Owner>
                <DisplayName>006343999</DisplayName>
            </Owner>
        </TAccount>
    </FirstLineItem>
    <PublicID>bc:560071694</PublicID>
    <Reversal>false</Reversal>
    <Reversed>false</Reversed>
    <Subtype>AccountNegativeWriteoffTxn</Subtype>
    <TransactionDate>2023-03-13T01:37:59.178-04:00</TransactionDate>
    <TransactionNumber>100001976204-9803</TransactionNumber>
</Transaction>
        <?xml version="1.0"?>
<Transaction xmlns="http://guidewire.com/bc/gx/eco.plugin.generalledger.gltransactionmodel" xmlns:ns0="http://guidewire.com/bc/gx/eco.plugin.generalledger.entities.glunappliedfundmodel">
<entity-AccountNegativeWriteoffTxn>
    <PremiumPortion_ECO>
        <Amount>0</Amount>
    </PremiumPortion_ECO>
    <TaxPortion_ECO>
        <Amount>0</Amount>
    </TaxPortion_ECO>
</entity-AccountNegativeWriteoffTxn>
<entity-AccountTransaction>
    <UnappliedFund>
        <ns0:Description>20649686</ns0:Description>
        <ns0:Policy>
            <ns0:LatestPolicyPeriod>
                <ns0:LatestPCPolicyPeriodPubId_ECO>pc:21286776</ns0:LatestPCPolicyPeriodPubId_ECO>
                <ns0:PolicyNumber>20649686</ns0:PolicyNumber>
                <ns0:PublicID>bc:6685261</ns0:PublicID>
                <ns0:TermNumber>6</ns0:TermNumber>
                <ns0:UpdateTime>2023-03-12T05:21:02.787-04:00</ns0:UpdateTime>
            </ns0:LatestPolicyPeriod>
            <ns0:PublicID>bc:1749960</ns0:PublicID>
        </ns0:Policy>
        <ns0:PublicID>bc:2803168</ns0:PublicID>
    </UnappliedFund>
</entity-AccountTransaction>
<Amount_amt>0.75</Amount_amt>
<CreateUser>
    <Credential>
        <DisplayName>sys</DisplayName>
        <UserName>sys</UserName>
    </Credential>
</CreateUser>
<CreditLineItems>
    <Entry>
        <TAccount>
            <ID>
                <Value>80275897</Value>
            </ID>
            <Owner>
                <DisplayName>034272017</DisplayName>
            </Owner>
            <TAccountOwnerTypeNameTAccountName>Account (#034272017) : Negative Write-Off</TAccountOwnerTypeNameTAccountName>
            <TAccountPattern>
                <TAccountName>Negative Write-Off</TAccountName>
            </TAccountPattern>
        </TAccount>
    </Entry>
</CreditLineItems>
<DebitLineItems>
    <Entry>
        <TAccount>
            <ID>
                <Value>80276765</Value>
            </ID>
            <Owner>
                <DisplayName>034272017</DisplayName>
            </Owner>
            <TAccountOwnerTypeNameTAccountName>Account (#034272017) : Designated Unapplied (20649686)</TAccountOwnerTypeNameTAccountName>
            <TAccountPattern>
                <TAccountName>Designated Unapplied</TAccountName>
            </TAccountPattern>
        </TAccount>
    </Entry>
</DebitLineItems>
<FirstLineItem>
    <TAccount>
        <Owner>
            <DisplayName>034272017</DisplayName>
        </Owner>
    </TAccount>
</FirstLineItem>
<PublicID>bc:559958651</PublicID>
<Reversal>false</Reversal>
<Reversed>false</Reversed>
<Subtype>AccountNegativeWriteoffTxn</Subtype>
<TransactionDate>2023-03-12T05:21:02.787-04:00</TransactionDate>
<TransactionNumber>100001976002-5759</TransactionNumber>
</Transaction>
        <?xml version="1.0"?>
<Transaction xmlns="http://guidewire.com/bc/gx/eco.plugin.generalledger.gltransactionmodel">
<entity-ChargeInstanceTxn>
    <Charge>
        <ChargePattern>
            <Category>premium</Category>
        </ChargePattern>
        <EffectiveDate>2022-07-01T01:00:00-04:00</EffectiveDate>
        <InvoiceItems>
            <Entry>
                <Amount_amt>-1.00</Amount_amt>
                <Invoice>
                    <PublicID>bc:54219905</PublicID>
                </Invoice>
                <NetAmount>
                    <Amount>-0.86</Amount>
                </NetAmount>
                <PrimaryCommissionAmount_amt>-0.14</PrimaryCommissionAmount_amt>
                <PublicID>bc:105626801</PublicID>
            </Entry>
        </InvoiceItems>
        <PolicyPeriod>
            <BillingMethod>AgencyBill</BillingMethod>
            <DHPolicyUpdateSequenceNumber_ECO>418549083</DHPolicyUpdateSequenceNumber_ECO>
            <PublicID>bc:6138756</PublicID>
            <UpdateTime>2023-03-12T14:49:37.566-04:00</UpdateTime>
        </PolicyPeriod>
    </Charge>
</entity-ChargeInstanceTxn>
<entity-ChargeInvoicingTxn>
    <InvoiceItem>
        <Charge>
            <ChargePattern>
                <Category>premium</Category>
            </ChargePattern>
        </Charge>
        <Invoice>
            <PublicID>bc:54219905</PublicID>
        </Invoice>
        <PublicID>bc:105626801</PublicID>
    </InvoiceItem>
</entity-ChargeInvoicingTxn>
<entity-ChargePaidFromProducer>
    <AgencyPaymentItem>
        <CommissionAmountToApply_amt>-0.14</CommissionAmountToApply_amt>
        <GrossAmountToApply_amt>-1.00</GrossAmountToApply_amt>
        <NetAmountOwed>
            <Amount>0.00</Amount>
        </NetAmountOwed>
        <NetAmountToApply>
            <Amount>-0.86</Amount>
        </NetAmountToApply>
    </AgencyPaymentItem>
    <FromProducer>
        <Name>MARSHCANADA 1-8891</Name>
        <ProducerCodes>
            <Entry>
                <Code>1-8891</Code>
            </Entry>
        </ProducerCodes>
    </FromProducer>
</entity-ChargePaidFromProducer>
<Amount_amt>-1.00</Amount_amt>
<CreateUser>
    <Credential>
        <DisplayName>wendyboyd</DisplayName>
        <UserName>wendyboyd</UserName>
    </Credential>
    <Roles>
        <Entry>
            <Role>
                <Name>Agency Bill Representative</Name>
            </Role>
        </Entry>
    </Roles>
</CreateUser>
<CreditLineItems>
    <Entry>
        <TAccount>
            <ID>
                <Value>167438825</Value>
            </ID>
            <Owner>
                <DisplayName>Producer code MARSHCANADA 1-8891 (1-8891) with role Primary on policy 40308272-1 for charge Premium Mid Market (Policy Change)</DisplayName>
            </Owner>
            <TAccountOwnerTypeNameTAccountName>Charge Commission (#Producer code MARSHCANADA 1-8891 (1-8891) with role Primary on policy 40308272-1 for charge Premium Mid Market (Policy Change)) : Commissions Reserve</TAccountOwnerTypeNameTAccountName>
            <TAccountPattern>
                <TAccountName>Commissions Reserve</TAccountName>
            </TAccountPattern>
        </TAccount>
    </Entry>
    <Entry>
        <TAccount>
            <ID>
                <Value>88349102</Value>
            </ID>
            <Owner>
                <DisplayName>MARSHCANADA 1-8891</DisplayName>
            </Owner>
            <TAccountOwnerTypeNameTAccountName>Producer (#MARSHCANADA 1-8891) : Unapplied</TAccountOwnerTypeNameTAccountName>
            <TAccountPattern>
                <TAccountName>Unapplied</TAccountName>
            </TAccountPattern>
        </TAccount>
    </Entry>
</CreditLineItems>
<DebitLineItems>
    <Entry>
        <TAccount>
            <ID>
                <Value>167438820</Value>
            </ID>
            <Owner>
                <DisplayName>40308272-1</DisplayName>
            </Owner>
            <TAccountOwnerTypeNameTAccountName>Policy Period (#40308272-1) : Premium Mid Market Due</TAccountOwnerTypeNameTAccountName>
            <TAccountPattern>
                <TAccountName>PremiumMidMarket</TAccountName>
            </TAccountPattern>
        </TAccount>
    </Entry>
</DebitLineItems>
<FirstLineItem>
    <TAccount>
        <Owner>
            <DisplayName>40308272-1</DisplayName>
        </Owner>
    </TAccount>
</FirstLineItem>
<PublicID>bc:559878484</PublicID>
<Reversal>false</Reversal>
<Reversed>false</Reversed>
<Subtype>ChargePaidFromProducer</Subtype>
<TransactionDate>2023-03-12T14:49:37.566-04:00</TransactionDate>
<TransactionNumber>100001975501-5383</TransactionNumber>
</Transaction>
        <?xml version="1.0"?>
<Transaction xmlns="http://guidewire.com/bc/gx/eco.plugin.generalledger.gltransactionmodel">
<entity-ChargeInstanceTxn>
    <Charge>
        <ChargePattern>
            <Category>premium</Category>
        </ChargePattern>
        <EffectiveDate>2022-07-01T01:00:00-04:00</EffectiveDate>
        <InvoiceItems>
            <Entry>
                <Amount_amt>-1.00</Amount_amt>
                <Invoice>
                    <PublicID>bc:54219905</PublicID>
                </Invoice>
                <NetAmount>
                    <Amount>-0.89</Amount>
                </NetAmount>
                <PrimaryCommissionAmount_amt>-0.11</PrimaryCommissionAmount_amt>
                <PublicID>bc:105626803</PublicID>
            </Entry>
        </InvoiceItems>
        <PolicyPeriod>
            <BillingMethod>AgencyBill</BillingMethod>
            <DHPolicyUpdateSequenceNumber_ECO>418549091</DHPolicyUpdateSequenceNumber_ECO>
            <PublicID>bc:6136715</PublicID>
            <UpdateTime>2023-03-12T14:49:37.566-04:00</UpdateTime>
        </PolicyPeriod>
    </Charge>
</entity-ChargeInstanceTxn>
<entity-ChargeInvoicingTxn>
    <InvoiceItem>
        <Charge>
            <ChargePattern>
                <Category>premium</Category>
            </ChargePattern>
        </Charge>
        <Invoice>
            <PublicID>bc:54219905</PublicID>
        </Invoice>
        <PublicID>bc:105626803</PublicID>
    </InvoiceItem>
</entity-ChargeInvoicingTxn>
<entity-ChargePaidFromProducer>
    <AgencyPaymentItem>
        <CommissionAmountToApply_amt>-0.11</CommissionAmountToApply_amt>
        <GrossAmountToApply_amt>-1.00</GrossAmountToApply_amt>
        <NetAmountOwed>
            <Amount>0.00</Amount>
        </NetAmountOwed>
        <NetAmountToApply>
            <Amount>-0.89</Amount>
        </NetAmountToApply>
    </AgencyPaymentItem>
    <FromProducer>
        <Name>MARSHCANADA 1-8891</Name>
        <ProducerCodes>
            <Entry>
                <Code>1-8891</Code>
            </Entry>
        </ProducerCodes>
    </FromProducer>
</entity-ChargePaidFromProducer>
<Amount_amt>-1.00</Amount_amt>
<CreateUser>
    <Credential>
        <DisplayName>wendyboyd</DisplayName>
        <UserName>wendyboyd</UserName>
    </Credential>
    <Roles>
        <Entry>
            <Role>
                <Name>Agency Bill Representative</Name>
            </Role>
        </Entry>
    </Roles>
</CreateUser>
<CreditLineItems>
    <Entry>
        <TAccount>
            <ID>
                <Value>167438835</Value>
            </ID>
            <Owner>
                <DisplayName>Producer code MARSHCANADA 1-8891 (1-8891) with role Primary on policy 40308276-1 for charge Premium Mid Market (Policy Change)</DisplayName>
            </Owner>
            <TAccountOwnerTypeNameTAccountName>Charge Commission (#Producer code MARSHCANADA 1-8891 (1-8891) with role Primary on policy 40308276-1 for charge Premium Mid Market (Policy Change)) : Commissions Reserve</TAccountOwnerTypeNameTAccountName>
            <TAccountPattern>
                <TAccountName>Commissions Reserve</TAccountName>
            </TAccountPattern>
        </TAccount>
    </Entry>
    <Entry>
        <TAccount>
            <ID>
                <Value>88349102</Value>
            </ID>
            <Owner>
                <DisplayName>MARSHCANADA 1-8891</DisplayName>
            </Owner>
            <TAccountOwnerTypeNameTAccountName>Producer (#MARSHCANADA 1-8891) : Unapplied</TAccountOwnerTypeNameTAccountName>
            <TAccountPattern>
                <TAccountName>Unapplied</TAccountName>
            </TAccountPattern>
        </TAccount>
    </Entry>
</CreditLineItems>
<DebitLineItems>
    <Entry>
        <TAccount>
            <ID>
                <Value>167442221</Value>
            </ID>
            <Owner>
                <DisplayName>40308276-1</DisplayName>
            </Owner>
            <TAccountOwnerTypeNameTAccountName>Policy Period (#40308276-1) : Premium Mid Market Due</TAccountOwnerTypeNameTAccountName>
            <TAccountPattern>
                <TAccountName>PremiumMidMarket</TAccountName>
            </TAccountPattern>
        </TAccount>
    </Entry>
</DebitLineItems>
<FirstLineItem>
    <TAccount>
        <Owner>
            <DisplayName>40308276-1</DisplayName>
        </Owner>
    </TAccount>
</FirstLineItem>
<PublicID>bc:559878492</PublicID>
<Reversal>false</Reversal>
<Reversed>false</Reversed>
<Subtype>ChargePaidFromProducer</Subtype>
<TransactionDate>2023-03-12T14:49:37.566-04:00</TransactionDate>
<TransactionNumber>100001975501-5391</TransactionNumber>
</Transaction>
        <?xml version="1.0"?>
<Transaction xmlns="http://guidewire.com/bc/gx/eco.plugin.generalledger.gltransactionmodel">
<entity-ChargeInstanceTxn>
    <Charge>
        <ChargePattern>
            <Category>premium</Category>
        </ChargePattern>
        <EffectiveDate>2020-12-11T00:00:00-05:00</EffectiveDate>
        <InvoiceItems>
            <Entry>
                <Amount_amt>5814.00</Amount_amt>
                <Invoice>
                    <PublicID>bc:33695426</PublicID>
                </Invoice>
                <NetAmount>
                    <Amount>4651.20</Amount>
                </NetAmount>
                <PrimaryCommissionAmount_amt>1162.80</PrimaryCommissionAmount_amt>
                <PublicID>bc:65166952</PublicID>
            </Entry>
        </InvoiceItems>
        <PolicyPeriod>
            <BillingMethod>AgencyBill</BillingMethod>
            <DHPolicyUpdateSequenceNumber_ECO>418549464</DHPolicyUpdateSequenceNumber_ECO>
            <PublicID>bc:3380952</PublicID>
            <UpdateTime>2021-04-17T01:30:08.025-04:00</UpdateTime>
        </PolicyPeriod>
    </Charge>
</entity-ChargeInstanceTxn>
<entity-ChargeInvoicingTxn>
    <InvoiceItem>
        <Charge>
            <ChargePattern>
                <Category>premium</Category>
            </ChargePattern>
        </Charge>
        <Invoice>
            <PublicID>bc:33695426</PublicID>
        </Invoice>
        <PublicID>bc:65166952</PublicID>
    </InvoiceItem>
</entity-ChargeInvoicingTxn>
<entity-ChargePaidFromProducer>
    <AgencyPaymentItem>
        <CommissionAmountToApply_amt>1177.80</CommissionAmountToApply_amt>
        <GrossAmountToApply_amt>5889.00</GrossAmountToApply_amt>
        <NetAmountOwed>
            <Amount>-60.00</Amount>
        </NetAmountOwed>
        <NetAmountToApply>
            <Amount>4711.20</Amount>
        </NetAmountToApply>
    </AgencyPaymentItem>
    <FromProducer>
        <Name>MARSHCANADA 1-1391</Name>
        <ProducerCodes>
            <Entry>
                <Code>1-1391</Code>
            </Entry>
        </ProducerCodes>
    </FromProducer>
</entity-ChargePaidFromProducer>
<Amount_amt>5889.00</Amount_amt>
<CreateUser>
    <Credential>
        <DisplayName>wendyboyd</DisplayName>
        <UserName>wendyboyd</UserName>
    </Credential>
    <Roles>
        <Entry>
            <Role>
                <Name>Agency Bill Representative</Name>
            </Role>
        </Entry>
    </Roles>
</CreateUser>
<CreditLineItems>
    <Entry>
        <TAccount>
            <ID>
                <Value>93035026</Value>
            </ID>
            <Owner>
                <DisplayName>40232412-2</DisplayName>
            </Owner>
            <TAccountOwnerTypeNameTAccountName>Policy Period (#40232412-2) : Premium Mid Market Due</TAccountOwnerTypeNameTAccountName>
            <TAccountPattern>
                <TAccountName>PremiumMidMarket</TAccountName>
            </TAccountPattern>
        </TAccount>
    </Entry>
</CreditLineItems>
<DebitLineItems>
    <Entry>
        <TAccount>
            <ID>
                <Value>104882141</Value>
            </ID>
            <Owner>
                <DisplayName>Producer code MARSHCANADA 1-1391 (1-1391) with role Primary on policy 40232412-2 for charge Premium Mid Market (Policy Change)</DisplayName>
            </Owner>
            <TAccountOwnerTypeNameTAccountName>Charge Commission (#Producer code MARSHCANADA 1-1391 (1-1391) with role Primary on policy 40232412-2 for charge Premium Mid Market (Policy Change)) : Commissions Reserve</TAccountOwnerTypeNameTAccountName>
            <TAccountPattern>
                <TAccountName>Commissions Reserve</TAccountName>
            </TAccountPattern>
        </TAccount>
    </Entry>
    <Entry>
        <TAccount>
            <ID>
                <Value>2089770</Value>
            </ID>
            <Owner>
                <DisplayName>MARSHCANADA 1-1391</DisplayName>
            </Owner>
            <TAccountOwnerTypeNameTAccountName>Producer (#MARSHCANADA 1-1391) : Unapplied</TAccountOwnerTypeNameTAccountName>
            <TAccountPattern>
                <TAccountName>Unapplied</TAccountName>
            </TAccountPattern>
        </TAccount>
    </Entry>
</DebitLineItems>
<FirstLineItem>
    <TAccount>
        <Owner>
            <DisplayName>Producer code MARSHCANADA 1-1391 (1-1391) with role Primary on policy 40232412-2 for charge Premium Mid Market (Policy Change)</DisplayName>
        </Owner>
    </TAccount>
</FirstLineItem>
<PublicID>bc:559878663</PublicID>
<Reversal>false</Reversal>
<Reversed>false</Reversed>
<Subtype>ChargePaidFromProducer</Subtype>
<TransactionDate>2023-03-12T15:59:54.788-04:00</TransactionDate>
<TransactionNumber>100001975501-6400</TransactionNumber>
</Transaction>
        <?xml version="1.0"?>
<Transaction xmlns="http://guidewire.com/bc/gx/eco.plugin.generalledger.gltransactionmodel">
<entity-ChargeInstanceTxn>
    <Charge>
        <ChargePattern>
            <Category>premium</Category>
        </ChargePattern>
        <EffectiveDate>2022-05-01T00:00:00-04:00</EffectiveDate>
        <InvoiceItems>
            <Entry>
                <Amount_amt>108928.00</Amount_amt>
                <Invoice>
                    <PublicID>bc:49201895</PublicID>
                </Invoice>
                <NetAmount>
                    <Amount>108928.00</Amount>
                </NetAmount>
                <PrimaryCommissionAmount_amt>0.00</PrimaryCommissionAmount_amt>
                <PublicID>bc:96692914</PublicID>
            </Entry>
        </InvoiceItems>
        <PolicyPeriod>
            <BillingMethod>AgencyBill</BillingMethod>
            <DHPolicyUpdateSequenceNumber_ECO>418549629</DHPolicyUpdateSequenceNumber_ECO>
            <PublicID>bc:5600052</PublicID>
            <UpdateTime>2022-12-22T01:11:42.53-05:00</UpdateTime>
        </PolicyPeriod>
    </Charge>
</entity-ChargeInstanceTxn>
<entity-ChargeInvoicingTxn>
    <InvoiceItem>
        <Charge>
            <ChargePattern>
                <Category>premium</Category>
            </ChargePattern>
        </Charge>
        <Invoice>
            <PublicID>bc:49201895</PublicID>
        </Invoice>
        <PublicID>bc:96692914</PublicID>
    </InvoiceItem>
</entity-ChargeInvoicingTxn>
<entity-ChargePaidFromProducer>
    <AgencyPaymentItem>
        <CommissionAmountToApply_amt>0.00</CommissionAmountToApply_amt>
        <GrossAmountToApply_amt>108015.00</GrossAmountToApply_amt>
        <NetAmountOwed>
            <Amount>913.00</Amount>
        </NetAmountOwed>
        <NetAmountToApply>
            <Amount>108015.00</Amount>
        </NetAmountToApply>
        <ReversedDate>2023-03-12T16:27:21.634-04:00</ReversedDate>
    </AgencyPaymentItem>
    <FromProducer>
        <Name>MARSHCANADA 1-1391</Name>
        <ProducerCodes>
            <Entry>
                <Code>1-1391</Code>
            </Entry>
        </ProducerCodes>
    </FromProducer>
</entity-ChargePaidFromProducer>
<Amount_amt>-108015.00</Amount_amt>
<CreateUser>
    <Credential>
        <DisplayName>wendyboyd</DisplayName>
        <UserName>wendyboyd</UserName>
    </Credential>
    <Roles>
        <Entry>
            <Role>
                <Name>Agency Bill Representative</Name>
            </Role>
        </Entry>
    </Roles>
</CreateUser>
<CreditLineItems>
    <Entry>
        <TAccount>
            <ID>
                <Value>153789777</Value>
            </ID>
            <Owner>
                <DisplayName>Producer code MARSHCANADA 1-1391 (1-1391) with role Primary on policy 40214832-3 for charge Premium Mid Market (Renewal)</DisplayName>
            </Owner>
            <TAccountOwnerTypeNameTAccountName>Charge Commission (#Producer code MARSHCANADA 1-1391 (1-1391) with role Primary on policy 40214832-3 for charge Premium Mid Market (Renewal)) : Commissions Reserve</TAccountOwnerTypeNameTAccountName>
            <TAccountPattern>
                <TAccountName>Commissions Reserve</TAccountName>
            </TAccountPattern>
        </TAccount>
    </Entry>
    <Entry>
        <TAccount>
            <ID>
                <Value>2089770</Value>
            </ID>
            <Owner>
                <DisplayName>MARSHCANADA 1-1391</DisplayName>
            </Owner>
            <TAccountOwnerTypeNameTAccountName>Producer (#MARSHCANADA 1-1391) : Unapplied</TAccountOwnerTypeNameTAccountName>
            <TAccountPattern>
                <TAccountName>Unapplied</TAccountName>
            </TAccountPattern>
        </TAccount>
    </Entry>
</CreditLineItems>
<DebitLineItems>
    <Entry>
        <TAccount>
            <ID>
                <Value>153789783</Value>
            </ID>
            <Owner>
                <DisplayName>40214832-3</DisplayName>
            </Owner>
            <TAccountOwnerTypeNameTAccountName>Policy Period (#40214832-3) : Premium Mid Market Due</TAccountOwnerTypeNameTAccountName>
            <TAccountPattern>
                <TAccountName>PremiumMidMarket</TAccountName>
            </TAccountPattern>
        </TAccount>
    </Entry>
</DebitLineItems>
<FirstLineItem>
    <TAccount>
        <Owner>
            <DisplayName>40214832-3</DisplayName>
        </Owner>
    </TAccount>
</FirstLineItem>
<PublicID>bc:559878755</PublicID>
<Reversal>true</Reversal>
<Reversed>false</Reversed>
<ReversedTransaction>
    <PublicID>bc:496595707</PublicID>
</ReversedTransaction>
<Subtype>ChargePaidFromProducer</Subtype>
<TransactionDate>2023-03-12T16:27:21.782-04:00</TransactionDate>
<TransactionNumber>100001951322-4187</TransactionNumber>
</Transaction>
